REG_FROM_cd,REG_FROM_nm,REG_FROM_Area,REG_TO_cd,REG_TO_nm,REG_TO_Area
UKC11,Hartlepool and Stockton-on-Tees,308172503.8112915,UKC1,Tees Valley and Durham,3046791348.602384
UKC12,South Teesside,308444515.78172153,UKC1,Tees Valley and Durham,3046791348.602384
UKC13,Darlington,197475688.9542969,UKC1,Tees Valley and Durham,3046791348.602384
UKC14,Durham CC,2232698640.0550737,UKC1,Tees Valley and Durham,3046791348.602384
UKC21,Northumberland,5078180251.940939,UKC2,Northumberland and Tyne and Wear,5628935649.081639
UKC22,Tyneside,411125260.7521233,UKC2,Northumberland and Tyne and Wear,5628935649.081639
UKC23,Sunderland,139630136.38858694,UKC2,Northumberland and Tyne and Wear,5628935649.081639
UKD11,West Cumbria,2228448863.156247,UKD1,Cumbria,7182472591.620599
UKD12,East Cumbria,4954023728.464352,UKD1,Cumbria,7182472591.620599
UKD33,Manchester,115648229.0275436,UKD3,Greater Manchester,1275981132.6149385
UKD34,Greater Manchester South West,203242036.58195624,UKD3,Greater Manchester,1275981132.6149385
UKD35,Greater Manchester South East,229194576.48025435,UKD3,Greater Manchester,1275981132.6149385
UKD36,Greater Manchester North West,327963067.9752767,UKD3,Greater Manchester,1275981132.6149385
UKD37,Greater Manchester North East,399933222.54990506,UKD3,Greater Manchester,1275981132.6149385
UKD41,Blackburn with Darwen,137022077.71971944,UKD4,Lancashire,3263180810.7753816
UKD42,Blackpool,43150773.20850324,UKD4,Lancashire,3263180810.7753816
UKD44,Lancaster and Wyre,983240285.4843216,UKD4,Lancashire,3263180810.7753816
UKD45,Mid Lancashire,1024664735.2542636,UKD4,Lancashire,3263180810.7753816
UKD46,East Lancashire,491102471.9416302,UKD4,Lancashire,3263180810.7753816
UKD47,Chorley and West Lancashire,584000467.1669782,UKD4,Lancashire,3263180810.7753816
UKD61,Warrington,182383635.11522856,UKD6,Cheshire,2289948300.7759156
UKD62,Cheshire East,1166357385.3058252,UKD6,Cheshire,2289948300.7759156
UKD63,Cheshire West and Chester,941207280.3548396,UKD6,Cheshire,2289948300.7759156
UKD71,East Merseyside,313180379.89197624,UKD7,Merseyside,907892931.0679555
UKD72,Liverpool,133533740.43592332,UKD7,Merseyside,907892931.0679555
UKD73,Sefton,204779736.23468983,UKD7,Merseyside,907892931.0679555
UKD74,Wirral,256399074.50536084,UKD7,Merseyside,907892931.0679555
UKE11,"Kingston upon Hull, City of",81497501.4364996,UKE1,East Yorkshire and Northern Lincolnshire,3655531643.025097
UKE12,East Riding of Yorkshire,2494795363.792102,UKE1,East Yorkshire and Northern Lincolnshire,3655531643.025097
UKE13,North and North East Lincolnshire,1079238777.796472,UKE1,East Yorkshire and Northern Lincolnshire,3655531643.025097
UKE21,York,272014815.26183915,UKE2,North Yorkshire,8324955815.157328
UKE22,North Yorkshire CC,8052940999.895509,UKE2,North Yorkshire,8324955815.157328
UKE31,"Barnsley, Doncaster and Rotherham",1184162999.8770037,UKE3,South Yorkshire,1552093016.1180365
UKE32,Sheffield,367930016.24103063,UKE3,South Yorkshire,1552093016.1180365
UKE41,Bradford,366419731.3587333,UKE4,West Yorkshire,2029258659.518515
UKE42,Leeds,551706533.0829763,UKE4,West Yorkshire,2029258659.518515
UKE44,Calderdale and Kirklees,772512661.4812737,UKE4,West Yorkshire,2029258659.518515
UKE45,Wakefield,338619733.59553087,UKE4,West Yorkshire,2029258659.518515
UKF11,Derby,78031122.03739692,UKF1,Derbyshire and Nottinghamshire,4790302082.321347
UKF12,East Derbyshire,501993471.48016703,UKF1,Derbyshire and Nottinghamshire,4790302082.321347
UKF13,South and West Derbyshire,2048768954.2025802,UKF1,Derbyshire and Nottinghamshire,4790302082.321347
UKF14,Nottingham,74613562.99774708,UKF1,Derbyshire and Nottinghamshire,4790302082.321347
UKF15,North Nottinghamshire,1477583096.2395585,UKF1,Derbyshire and Nottinghamshire,4790302082.321347
UKF16,South Nottinghamshire,609311875.3638761,UKF1,Derbyshire and Nottinghamshire,4790302082.321347
UKF21,Leicester,73342069.71877559,UKF2,"Leicestershire, Rutland and Northamptonshire",4917868075.682119
UKF22,Leicestershire CC and Rutland,2477535846.077918,UKF2,"Leicestershire, Rutland and Northamptonshire",4917868075.682119
UKF24,West Northamptonshire,1380395586.5768237,UKF2,"Leicestershire, Rutland and Northamptonshire",4917868075.682119
UKF25,North Northamptonshire,986594573.3086044,UKF2,"Leicestershire, Rutland and Northamptonshire",4917868075.682119
UKF30,Lincolnshire,6102768750.79662,UKF3,Lincolnshire,6102768750.79662
UKG11,"Herefordshire, County of",2179709447.066457,UKG1,"Herefordshire, Worcestershire and Warwickshire",5897746311.698036
UKG12,Worcestershire,1740514186.4845781,UKG1,"Herefordshire, Worcestershire and Warwickshire",5897746311.698036
UKG13,Warwickshire,1977522678.1470537,UKG1,"Herefordshire, Worcestershire and Warwickshire",5897746311.698036
UKG21,Telford and Wrekin,290313546.42823493,UKG2,Shropshire and Staffordshire,6204351807.815838
UKG22,Shropshire CC,3197275385.171097,UKG2,Shropshire and Staffordshire,6204351807.815838
UKG23,Stoke-on-Trent,93448485.25553244,UKG2,Shropshire and Staffordshire,6204351807.815838
UKG24,Staffordshire CC,2623314390.9610114,UKG2,Shropshire and Staffordshire,6204351807.815838
UKG31,Birmingham,267791067.24040452,UKG3,West Midlands,901639657.3914585
UKG32,Solihull,178282109.18606764,UKG3,West Midlands,901639657.3914585
UKG33,Coventry,98639062.7696466,UKG3,West Midlands,901639657.3914585
UKG36,Dudley,97958244.69937886,UKG3,West Midlands,901639657.3914585
UKG37,Sandwell,85558925.99474971,UKG3,West Midlands,901639657.3914585
UKG38,Walsall,103973544.78362584,UKG3,West Midlands,901639657.3914585
UKG39,Wolverhampton,69436702.7175835,UKG3,West Midlands,901639657.3914585
UKH11,Peterborough,343437883.03676176,UKH1,East Anglia,12759370564.142933
UKH12,Cambridgeshire CC,3054007553.1192164,UKH1,East Anglia,12759370564.142933
UKH14,Suffolk,3853574669.491009,UKH1,East Anglia,12759370564.142933
UKH15,Norwich and East Norfolk,776270393.9339234,UKH1,East Anglia,12759370564.142933
UKH16,North and West Norfolk,2518056919.9446707,UKH1,East Anglia,12759370564.142933
UKH17,Breckland and South Norfolk,2214023144.6173353,UKH1,East Anglia,12759370564.142933
UKH21,Luton,43352495.1874126,UKH2,Bedfordshire and Hertfordshire,2878491023.659985
UKH23,Hertfordshire,1643064929.9011083,UKH2,Bedfordshire and Hertfordshire,2878491023.659985
UKH24,Bedford,476408304.74686384,UKH2,Bedfordshire and Hertfordshire,2878491023.659985
UKH25,Central Bedfordshire,715665293.8246036,UKH2,Bedfordshire and Hertfordshire,2878491023.659985
UKH31,Southend-on-Sea,67901003.50077441,UKH3,Essex,3947528377.5505896
UKH32,Thurrock,184317852.90382147,UKH3,Essex,3947528377.5505896
UKH34,Essex Haven Gateway,1324239246.8458831,UKH3,Essex,3947528377.5505896
UKH35,West Essex,1010704850.5040065,UKH3,Essex,3947528377.5505896
UKH36,Heart of Essex,922809890.5736573,UKH3,Essex,3947528377.5505896
UKH37,Essex Thames Gateway,437555533.2224354,UKH3,Essex,3947528377.5505896
UKI31,Camden and City of London,24938683.52351122,UKI3,Inner London - West,111726752.53628528
UKI32,Westminster,22030053.55376132,UKI3,Inner London - West,111726752.53628528
UKI33,Kensington & Chelsea and Hammersmith & Fulham,29537857.022309355,UKI3,Inner London - West,111726752.53628528
UKI34,Wandsworth,35220158.43670319,UKI3,Inner London - West,111726752.53628528
UKI41,Hackney and Newham,57627110.87956869,UKI4,Inner London - East,216136927.59232193
UKI42,Tower Hamlets,21574975.674164176,UKI4,Inner London - East,216136927.59232193
UKI43,Haringey and Islington,44455033.50188197,UKI4,Inner London - East,216136927.59232193
UKI44,Lewisham and Southwark,65230469.09613946,UKI4,Inner London - East,216136927.59232193
UKI45,Lambeth,27249338.440567266,UKI4,Inner London - East,216136927.59232193
UKI51,Bexley and Greenwich,114728408.0947673,UKI5,Outer London - East and North East,444435360.4668432
UKI52,Barking & Dagenham and Havering,152256591.25603524,UKI5,Outer London - East and North East,444435360.4668432
UKI53,Redbridge and Waltham Forest,95250167.5644605,UKI5,Outer London - East and North East,444435360.4668432
UKI54,Enfield,82200193.5515812,UKI5,Outer London - East and North East,444435360.4668432
UKI61,Bromley,150134859.5471681,UKI6,Outer London - South,355362186.490038
UKI62,Croydon,86494435.72964405,UKI6,Outer London - South,355362186.490038
UKI63,"Merton, Kingston upon Thames and Sutton",118732891.21322592,UKI6,Outer London - South,355362186.490038
UKI71,Barnet,86748323.4991247,UKI7,Outer London - West and North West,467035779.4498256
UKI72,Brent,43232646.352789156,UKI7,Outer London - West and North West,467035779.4498256
UKI73,Ealing,55544346.29205515,UKI7,Outer London - West and North West,467035779.4498256
UKI74,Harrow and Hillingdon,166163847.3218412,UKI7,Outer London - West and North West,467035779.4498256
UKI75,Hounslow and Richmond upon Thames,115346615.98401485,UKI7,Outer London - West and North West,467035779.4498256
UKJ11,Berkshire,1263886264.2673788,UKJ1,"Berkshire, Buckinghamshire and Oxfordshire",5743410016.582967
UKJ12,Milton Keynes,308626792.95093375,UKJ1,"Berkshire, Buckinghamshire and Oxfordshire",5743410016.582967
UKJ13,Buckinghamshire CC,1564949149.4526694,UKJ1,"Berkshire, Buckinghamshire and Oxfordshire",5743410016.582967
UKJ14,Oxfordshire,2605947809.912035,UKJ1,"Berkshire, Buckinghamshire and Oxfordshire",5743410016.582967
UKJ21,Brighton and Hove,85376797.67779712,UKJ2,"Surrey, East and West Sussex",5504081863.611161
UKJ22,East Sussex CC,1725168829.5309348,UKJ2,"Surrey, East and West Sussex",5504081863.611161
UKJ25,West Surrey,1000334331.0997707,UKJ2,"Surrey, East and West Sussex",5504081863.611161
UKJ26,East Surrey,669738597.4966295,UKJ2,"Surrey, East and West Sussex",5504081863.611161
UKJ27,West Sussex (South West),1113500766.745529,UKJ2,"Surrey, East and West Sussex",5504081863.611161
UKJ28,West Sussex (North East),909962541.0604913,UKJ2,"Surrey, East and West Sussex",5504081863.611161
UKJ31,Portsmouth,60144416.47145269,UKJ3,Hampshire and Isle of Wight,4249364589.512012
UKJ32,Southampton,56385169.63783268,UKJ3,Hampshire and Isle of Wight,4249364589.512012
UKJ34,Isle of Wight,394928881.989723,UKJ3,Hampshire and Isle of Wight,4249364589.512012
UKJ35,South Hampshire,269745042.2285027,UKJ3,Hampshire and Isle of Wight,4249364589.512012
UKJ36,Central Hampshire,2580033791.1850743,UKJ3,Hampshire and Isle of Wight,4249364589.512012
UKJ37,North Hampshire,888127287.9994632,UKJ3,Hampshire and Isle of Wight,4249364589.512012
UKJ41,Medway,269063686.4367362,UKJ4,Kent,3908616271.093089
UKJ43,Kent Thames Gateway,603364744.8338158,UKJ4,Kent,3908616271.093089
UKJ44,East Kent,1119570635.6063914,UKJ4,Kent,3908616271.093089
UKJ45,Mid Kent,973968033.7678744,UKJ4,Kent,3908616271.093089
UKJ46,West Kent,942649170.4482427,UKJ4,Kent,3908616271.093089
UKK11,"Bristol, City of",235328726.49321416,UKK1,"Gloucestershire, Wiltshire and Bath/Bristol area",7703872386.770685
UKK12,"Bath and North East Somerset, North Somerset and South Gloucestershire",1278583659.4670026,UKK1,"Gloucestershire, Wiltshire and Bath/Bristol area",7703872386.770685
UKK13,Gloucestershire,2704528508.493518,UKK1,"Gloucestershire, Wiltshire and Bath/Bristol area",7703872386.770685
UKK14,Swindon,230093380.79323432,UKK1,"Gloucestershire, Wiltshire and Bath/Bristol area",7703872386.770685
UKK15,Wiltshire,3255338111.5237875,UKK1,"Gloucestershire, Wiltshire and Bath/Bristol area",7703872386.770685
UKK21,Bournemouth and Poole,121884300.65295002,UKK2,Dorset and Somerset,6208711762.916428
UKK22,Dorset CC,2572973720.6079473,UKK2,Dorset and Somerset,6208711762.916428
UKK23,Somerset,3513853741.6555314,UKK2,Dorset and Somerset,6208711762.916428
UKK30,Cornwall and Isles of Scilly,3636291822.0520916,UKK3,Cornwall and Isles of Scilly,3636291822.0520916
UKK41,Plymouth,84362634.46330518,UKK4,Devon,6839932717.1522045
UKK42,Torbay,119467055.9849756,UKK4,Devon,6839932717.1522045
UKK43,Devon CC,6636103026.703941,UKK4,Devon,6839932717.1522045
UKL11,Isle of Anglesey,749022719.5696098,UKL1,West Wales,13443094004.648914
UKL12,Gwynedd,2622378512.29753,UKL1,West Wales,13443094004.648914
UKL13,Conwy and Denbighshire,1999863800.79948,UKL1,West Wales,13443094004.648914
UKL14,South West Wales,5895286289.021539,UKL1,West Wales,13443094004.648914
UKL15,Central Valleys,536107428.245614,UKL1,West Wales,13443094004.648914
UKL16,Gwent Valleys,512355800.5115384,UKL1,West Wales,13443094004.648914
UKL17,Bridgend and Neath Port Talbot,707181493.7491379,UKL1,West Wales,13443094004.648914
UKL18,Swansea,420897960.45435107,UKL1,West Wales,13443094004.648914
UKL21,Monmouthshire and Newport,1103821074.9897778,UKL2,East Wales,7781677394.545824
UKL22,Cardiff and Vale of Glamorgan,489187030.6549815,UKL2,East Wales,7781677394.545824
UKL23,Flintshire and Wrexham,993212965.1457056,UKL2,East Wales,7781677394.545824
UKL24,Powys,5195456323.755356,UKL2,East Wales,7781677394.545824
UKM50,Aberdeen City and Aberdeenshire,6544427280.105116,UKM5,North Eastern Scotland,6544427280.105116
UKM61,Caithness & Sutherland and Ross & Cromarty,13240060248.949942,UKM6,Highlands and Islands,41975578622.296074
UKM62,"Inverness & Nairn and Moray, Badenoch & Strathspey",7983301167.888059,UKM6,Highlands and Islands,41975578622.296074
UKM63,"Lochaber, Skye & Lochalsh, Arran & Cumbrae and Argyll & Bute",14740873185.299643,UKM6,Highlands and Islands,41975578622.296074
UKM64,Na h-Eileanan Siar (Western Isles),3268543996.792658,UKM6,Highlands and Islands,41975578622.296074
UKM65,Orkney Islands,1086210151.6373,UKM6,Highlands and Islands,41975578622.296074
UKM66,Shetland Islands,1656589871.7284653,UKM6,Highlands and Islands,41975578622.296074
UKM71,Angus and Dundee City,2266461213.2508383,UKM7,Eastern Scotland,13553798043.964102
UKM72,Clackmannanshire and Fife,1537842224.7753298,UKM7,Eastern Scotland,13553798043.964102
UKM73,East Lothian and Midlothian,1056212976.2725,UKM7,Eastern Scotland,13553798043.964102
UKM75,"Edinburgh, City of",273044315.685,UKM7,Eastern Scotland,13553798043.964102
UKM76,Falkirk,314931416.75,UKM7,Eastern Scotland,13553798043.964102
UKM77,Perth & Kinross and Stirling,7673720876.285467,UKM7,Eastern Scotland,13553798043.964102
UKM78,West Lothian,431585020.945,UKM7,Eastern Scotland,13553798043.964102
UKM81,"East Dunbartonshire, West Dunbartonshire and Helensburgh & Lomond",751444238.9103278,UKM8,West Central Scotland,2017031739.305337
UKM82,Glasgow City,176432501.02,UKM8,West Central Scotland,2017031739.305337
UKM83,"Inverclyde, East Renfrewshire and Renfrewshire",617028883.27,UKM8,West Central Scotland,2017031739.305337
UKM84,North Lanarkshire,472126116.105,UKM8,West Central Scotland,2017031739.305337
UKM91,Scottish Borders,4742657026.623033,UKM9,Southern Scotland,16147847990.565168
UKM92,Dumfries & Galloway,6676051809.165308,UKM9,Southern Scotland,16147847990.565168
UKM93,East Ayrshire and North Ayrshire mainland,1720365248.2993836,UKM9,Southern Scotland,16147847990.565168
UKM94,South Ayrshire,1234722063.052247,UKM9,Southern Scotland,16147847990.565168
UKM95,South Lanarkshire,1774051843.425,UKM9,Southern Scotland,16147847990.565168
UKN06,Belfast,137751558.2100515,UKN0,Northern Ireland,14333431706.790897
UKN07,"Armagh City, Banbridge and Craigavon",1437432245.1125,UKN0,Northern Ireland,14333431706.790897
UKN08,"Newry, Mourne and Down",1682759982.446985,UKN0,Northern Ireland,14333431706.790897
UKN09,Ards and North Down,566614463.2996292,UKN0,Northern Ireland,14333431706.790897
UKN10,Derry City and Strabane,1251561741.5146134,UKN0,Northern Ireland,14333431706.790897
UKN11,Mid Ulster,1957795209.200364,UKN0,Northern Ireland,14333431706.790897
UKN12,Causeway Coast and Glens,1986058534.3698246,UKN0,Northern Ireland,14333431706.790897
UKN13,Antrim and Newtownabbey,728373510.7489452,UKN0,Northern Ireland,14333431706.790897
UKN14,Lisburn and Castlereagh,510566859.2886221,UKN0,Northern Ireland,14333431706.790897
UKN15,Mid and East Antrim,1061633112.7174469,UKN0,Northern Ireland,14333431706.790897
UKN16,Fermanagh and Omagh,3012884489.8819656,UKN0,Northern Ireland,14333431706.790897
