REG_FROM_cd,REG_FROM_nm,REG_FROM_Area,REG_TO_cd,REG_TO_nm,REG_TO_Area
UKC11,Hartlepool and Stockton-on-Tees,308172503.8112915,UKC,North East (England),8675726997.68401
UKC12,South Teesside,308444515.78172153,UKC,North East (England),8675726997.68401
UKC13,Darlington,197475688.9542969,UKC,North East (England),8675726997.68401
UKC14,Durham CC,2232698640.0550737,UKC,North East (England),8675726997.68401
UKC21,Northumberland,5078180251.940939,UKC,North East (England),8675726997.68401
UKC22,Tyneside,411125260.7521233,UKC,North East (England),8675726997.68401
UKC23,Sunderland,139630136.38858694,UKC,North East (England),8675726997.68401
UKD11,West Cumbria,2228448863.156247,UKD,North West (England),14919475766.85482
UKD12,East Cumbria,4954023728.464352,UKD,North West (England),14919475766.85482
UKD33,Manchester,115648229.0275436,UKD,North West (England),14919475766.85482
UKD34,Greater Manchester South West,203242036.58195624,UKD,North West (England),14919475766.85482
UKD35,Greater Manchester South East,229194576.48025435,UKD,North West (England),14919475766.85482
UKD36,Greater Manchester North West,327963067.9752767,UKD,North West (England),14919475766.85482
UKD37,Greater Manchester North East,399933222.54990506,UKD,North West (England),14919475766.85482
UKD41,Blackburn with Darwen,137022077.71971944,UKD,North West (England),14919475766.85482
UKD42,Blackpool,43150773.20850324,UKD,North West (England),14919475766.85482
UKD44,Lancaster and Wyre,983240285.4843216,UKD,North West (England),14919475766.85482
UKD45,Mid Lancashire,1024664735.2542636,UKD,North West (England),14919475766.85482
UKD46,East Lancashire,491102471.9416302,UKD,North West (England),14919475766.85482
UKD47,Chorley and West Lancashire,584000467.1669782,UKD,North West (England),14919475766.85482
UKD61,Warrington,182383635.11522856,UKD,North West (England),14919475766.85482
UKD62,Cheshire East,1166357385.3058252,UKD,North West (England),14919475766.85482
UKD63,Cheshire West and Chester,941207280.3548396,UKD,North West (England),14919475766.85482
UKD71,East Merseyside,313180379.89197624,UKD,North West (England),14919475766.85482
UKD72,Liverpool,133533740.43592332,UKD,North West (England),14919475766.85482
UKD73,Sefton,204779736.23468983,UKD,North West (England),14919475766.85482
UKD74,Wirral,256399074.50536084,UKD,North West (England),14919475766.85482
UKE11,"Kingston upon Hull, City of",81497501.4364996,UKE,Yorkshire and The Humber,15561839133.819073
UKE12,East Riding of Yorkshire,2494795363.792102,UKE,Yorkshire and The Humber,15561839133.819073
UKE13,North and North East Lincolnshire,1079238777.796472,UKE,Yorkshire and The Humber,15561839133.819073
UKE21,York,272014815.26183915,UKE,Yorkshire and The Humber,15561839133.819073
UKE22,North Yorkshire CC,8052940999.895509,UKE,Yorkshire and The Humber,15561839133.819073
UKE31,"Barnsley, Doncaster and Rotherham",1184162999.8770037,UKE,Yorkshire and The Humber,15561839133.819073
UKE32,Sheffield,367930016.24103063,UKE,Yorkshire and The Humber,15561839133.819073
UKE41,Bradford,366419731.3587333,UKE,Yorkshire and The Humber,15561839133.819073
UKE42,Leeds,551706533.0829763,UKE,Yorkshire and The Humber,15561839133.819073
UKE44,Calderdale and Kirklees,772512661.4812737,UKE,Yorkshire and The Humber,15561839133.819073
UKE45,Wakefield,338619733.59553087,UKE,Yorkshire and The Humber,15561839133.819073
UKF11,Derby,78031122.03739692,UKF,East Midlands (England),15810938908.800234
UKF12,East Derbyshire,501993471.48016703,UKF,East Midlands (England),15810938908.800234
UKF13,South and West Derbyshire,2048768954.2025802,UKF,East Midlands (England),15810938908.800234
UKF14,Nottingham,74613562.99774708,UKF,East Midlands (England),15810938908.800234
UKF15,North Nottinghamshire,1477583096.2395585,UKF,East Midlands (England),15810938908.800234
UKF16,South Nottinghamshire,609311875.3638761,UKF,East Midlands (England),15810938908.800234
UKF21,Leicester,73342069.71877559,UKF,East Midlands (England),15810938908.800234
UKF22,Leicestershire CC and Rutland,2477535846.077918,UKF,East Midlands (England),15810938908.800234
UKF24,West Northamptonshire,1380395586.5768237,UKF,East Midlands (England),15810938908.800234
UKF25,North Northamptonshire,986594573.3086044,UKF,East Midlands (England),15810938908.800234
UKF30,Lincolnshire,6102768750.79662,UKF,East Midlands (England),15810938908.800234
UKG11,"Herefordshire, County of",2179709447.066457,UKG,West Midlands (England),13003737776.905424
UKG12,Worcestershire,1740514186.4845781,UKG,West Midlands (England),13003737776.905424
UKG13,Warwickshire,1977522678.1470537,UKG,West Midlands (England),13003737776.905424
UKG21,Telford and Wrekin,290313546.42823493,UKG,West Midlands (England),13003737776.905424
UKG22,Shropshire CC,3197275385.171097,UKG,West Midlands (England),13003737776.905424
UKG23,Stoke-on-Trent,93448485.25553244,UKG,West Midlands (England),13003737776.905424
UKG24,Staffordshire CC,2623314390.9610114,UKG,West Midlands (England),13003737776.905424
UKG31,Birmingham,267791067.24040452,UKG,West Midlands (England),13003737776.905424
UKG32,Solihull,178282109.18606764,UKG,West Midlands (England),13003737776.905424
UKG33,Coventry,98639062.7696466,UKG,West Midlands (England),13003737776.905424
UKG36,Dudley,97958244.69937886,UKG,West Midlands (England),13003737776.905424
UKG37,Sandwell,85558925.99474971,UKG,West Midlands (England),13003737776.905424
UKG38,Walsall,103973544.78362584,UKG,West Midlands (England),13003737776.905424
UKG39,Wolverhampton,69436702.7175835,UKG,West Midlands (England),13003737776.905424
UKH11,Peterborough,343437883.03676176,UKH,East of England,19585389965.353645
UKH12,Cambridgeshire CC,3054007553.1192164,UKH,East of England,19585389965.353645
UKH14,Suffolk,3853574669.491009,UKH,East of England,19585389965.353645
UKH15,Norwich and East Norfolk,776270393.9339234,UKH,East of England,19585389965.353645
UKH16,North and West Norfolk,2518056919.9446707,UKH,East of England,19585389965.353645
UKH17,Breckland and South Norfolk,2214023144.6173353,UKH,East of England,19585389965.353645
UKH21,Luton,43352495.1874126,UKH,East of England,19585389965.353645
UKH23,Hertfordshire,1643064929.9011083,UKH,East of England,19585389965.353645
UKH24,Bedford,476408304.74686384,UKH,East of England,19585389965.353645
UKH25,Central Bedfordshire,715665293.8246036,UKH,East of England,19585389965.353645
UKH31,Southend-on-Sea,67901003.50077441,UKH,East of England,19585389965.353645
UKH32,Thurrock,184317852.90382147,UKH,East of England,19585389965.353645
UKH34,Essex Haven Gateway,1324239246.8458831,UKH,East of England,19585389965.353645
UKH35,West Essex,1010704850.5040065,UKH,East of England,19585389965.353645
UKH36,Heart of Essex,922809890.5736573,UKH,East of England,19585389965.353645
UKH37,Essex Thames Gateway,437555533.2224354,UKH,East of England,19585389965.353645
UKI31,Camden and City of London,24938683.52351122,UKI,London,1594697006.5353107
UKI32,Westminster,22030053.55376132,UKI,London,1594697006.5353107
UKI33,Kensington & Chelsea and Hammersmith & Fulham,29537857.022309355,UKI,London,1594697006.5353107
UKI34,Wandsworth,35220158.43670319,UKI,London,1594697006.5353107
UKI41,Hackney and Newham,57627110.87956869,UKI,London,1594697006.5353107
UKI42,Tower Hamlets,21574975.674164176,UKI,London,1594697006.5353107
UKI43,Haringey and Islington,44455033.50188197,UKI,London,1594697006.5353107
UKI44,Lewisham and Southwark,65230469.09613946,UKI,London,1594697006.5353107
UKI45,Lambeth,27249338.440567266,UKI,London,1594697006.5353107
UKI51,Bexley and Greenwich,114728408.0947673,UKI,London,1594697006.5353107
UKI52,Barking & Dagenham and Havering,152256591.25603524,UKI,London,1594697006.5353107
UKI53,Redbridge and Waltham Forest,95250167.5644605,UKI,London,1594697006.5353107
UKI54,Enfield,82200193.5515812,UKI,London,1594697006.5353107
UKI61,Bromley,150134859.5471681,UKI,London,1594697006.5353107
UKI62,Croydon,86494435.72964405,UKI,London,1594697006.5353107
UKI63,"Merton, Kingston upon Thames and Sutton",118732891.21322592,UKI,London,1594697006.5353107
UKI71,Barnet,86748323.4991247,UKI,London,1594697006.5353107
UKI72,Brent,43232646.352789156,UKI,London,1594697006.5353107
UKI73,Ealing,55544346.29205515,UKI,London,1594697006.5353107
UKI74,Harrow and Hillingdon,166163847.3218412,UKI,London,1594697006.5353107
UKI75,Hounslow and Richmond upon Thames,115346615.98401485,UKI,London,1594697006.5353107
UKJ11,Berkshire,1263886264.2673788,UKJ,South East (England),19405472740.799213
UKJ12,Milton Keynes,308626792.95093375,UKJ,South East (England),19405472740.799213
UKJ13,Buckinghamshire CC,1564949149.4526694,UKJ,South East (England),19405472740.799213
UKJ14,Oxfordshire,2605947809.912035,UKJ,South East (England),19405472740.799213
UKJ21,Brighton and Hove,85376797.67779712,UKJ,South East (England),19405472740.799213
UKJ22,East Sussex CC,1725168829.5309348,UKJ,South East (England),19405472740.799213
UKJ25,West Surrey,1000334331.0997707,UKJ,South East (England),19405472740.799213
UKJ26,East Surrey,669738597.4966295,UKJ,South East (England),19405472740.799213
UKJ27,West Sussex (South West),1113500766.745529,UKJ,South East (England),19405472740.799213
UKJ28,West Sussex (North East),909962541.0604913,UKJ,South East (England),19405472740.799213
UKJ31,Portsmouth,60144416.47145269,UKJ,South East (England),19405472740.799213
UKJ32,Southampton,56385169.63783268,UKJ,South East (England),19405472740.799213
UKJ34,Isle of Wight,394928881.989723,UKJ,South East (England),19405472740.799213
UKJ35,South Hampshire,269745042.2285027,UKJ,South East (England),19405472740.799213
UKJ36,Central Hampshire,2580033791.1850743,UKJ,South East (England),19405472740.799213
UKJ37,North Hampshire,888127287.9994632,UKJ,South East (England),19405472740.799213
UKJ41,Medway,269063686.4367362,UKJ,South East (England),19405472740.799213
UKJ43,Kent Thames Gateway,603364744.8338158,UKJ,South East (England),19405472740.799213
UKJ44,East Kent,1119570635.6063914,UKJ,South East (England),19405472740.799213
UKJ45,Mid Kent,973968033.7678744,UKJ,South East (England),19405472740.799213
UKJ46,West Kent,942649170.4482427,UKJ,South East (England),19405472740.799213
UKK11,"Bristol, City of",235328726.49321416,UKK,South West (England),24388808688.891716
UKK12,"Bath and North East Somerset, North Somerset and South Gloucestershire",1278583659.4670026,UKK,South West (England),24388808688.891716
UKK13,Gloucestershire,2704528508.493518,UKK,South West (England),24388808688.891716
UKK14,Swindon,230093380.79323432,UKK,South West (England),24388808688.891716
UKK15,Wiltshire,3255338111.5237875,UKK,South West (England),24388808688.891716
UKK21,Bournemouth and Poole,121884300.65295002,UKK,South West (England),24388808688.891716
UKK22,Dorset CC,2572973720.6079473,UKK,South West (England),24388808688.891716
UKK23,Somerset,3513853741.6555314,UKK,South West (England),24388808688.891716
UKK30,Cornwall and Isles of Scilly,3636291822.0520916,UKK,South West (England),24388808688.891716
UKK41,Plymouth,84362634.46330518,UKK,South West (England),24388808688.891716
UKK42,Torbay,119467055.9849756,UKK,South West (England),24388808688.891716
UKK43,Devon CC,6636103026.703941,UKK,South West (England),24388808688.891716
UKL11,Isle of Anglesey,749022719.5696098,UKL,Wales,21224771399.19472
UKL12,Gwynedd,2622378512.29753,UKL,Wales,21224771399.19472
UKL13,Conwy and Denbighshire,1999863800.79948,UKL,Wales,21224771399.19472
UKL14,South West Wales,5895286289.021539,UKL,Wales,21224771399.19472
UKL15,Central Valleys,536107428.245614,UKL,Wales,21224771399.19472
UKL16,Gwent Valleys,512355800.5115384,UKL,Wales,21224771399.19472
UKL17,Bridgend and Neath Port Talbot,707181493.7491379,UKL,Wales,21224771399.19472
UKL18,Swansea,420897960.45435107,UKL,Wales,21224771399.19472
UKL21,Monmouthshire and Newport,1103821074.9897778,UKL,Wales,21224771399.19472
UKL22,Cardiff and Vale of Glamorgan,489187030.6549815,UKL,Wales,21224771399.19472
UKL23,Flintshire and Wrexham,993212965.1457056,UKL,Wales,21224771399.19472
UKL24,Powys,5195456323.755356,UKL,Wales,21224771399.19472
UKM50,Aberdeen City and Aberdeenshire,6544427280.105116,UKM,Scotland,80238683676.23372
UKM61,Caithness & Sutherland and Ross & Cromarty,13240060248.949942,UKM,Scotland,80238683676.23372
UKM62,"Inverness & Nairn and Moray, Badenoch & Strathspey",7983301167.888059,UKM,Scotland,80238683676.23372
UKM63,"Lochaber, Skye & Lochalsh, Arran & Cumbrae and Argyll & Bute",14740873185.299643,UKM,Scotland,80238683676.23372
UKM64,Na h-Eileanan Siar (Western Isles),3268543996.792658,UKM,Scotland,80238683676.23372
UKM65,Orkney Islands,1086210151.6373,UKM,Scotland,80238683676.23372
UKM66,Shetland Islands,1656589871.7284653,UKM,Scotland,80238683676.23372
UKM71,Angus and Dundee City,2266461213.2508383,UKM,Scotland,80238683676.23372
UKM72,Clackmannanshire and Fife,1537842224.7753298,UKM,Scotland,80238683676.23372
UKM73,East Lothian and Midlothian,1056212976.2725,UKM,Scotland,80238683676.23372
UKM75,"Edinburgh, City of",273044315.685,UKM,Scotland,80238683676.23372
UKM76,Falkirk,314931416.75,UKM,Scotland,80238683676.23372
UKM77,Perth & Kinross and Stirling,7673720876.285467,UKM,Scotland,80238683676.23372
UKM78,West Lothian,431585020.945,UKM,Scotland,80238683676.23372
UKM81,"East Dunbartonshire, West Dunbartonshire and Helensburgh & Lomond",751444238.9103278,UKM,Scotland,80238683676.23372
UKM82,Glasgow City,176432501.02,UKM,Scotland,80238683676.23372
UKM83,"Inverclyde, East Renfrewshire and Renfrewshire",617028883.27,UKM,Scotland,80238683676.23372
UKM84,North Lanarkshire,472126116.105,UKM,Scotland,80238683676.23372
UKM91,Scottish Borders,4742657026.623033,UKM,Scotland,80238683676.23372
UKM92,Dumfries & Galloway,6676051809.165308,UKM,Scotland,80238683676.23372
UKM93,East Ayrshire and North Ayrshire mainland,1720365248.2993836,UKM,Scotland,80238683676.23372
UKM94,South Ayrshire,1234722063.052247,UKM,Scotland,80238683676.23372
UKM95,South Lanarkshire,1774051843.425,UKM,Scotland,80238683676.23372
UKN06,Belfast,137751558.2100515,UKN,Northern Ireland,14333431706.790897
UKN07,"Armagh City, Banbridge and Craigavon",1437432245.1125,UKN,Northern Ireland,14333431706.790897
UKN08,"Newry, Mourne and Down",1682759982.446985,UKN,Northern Ireland,14333431706.790897
UKN09,Ards and North Down,566614463.2996292,UKN,Northern Ireland,14333431706.790897
UKN10,Derry City and Strabane,1251561741.5146134,UKN,Northern Ireland,14333431706.790897
UKN11,Mid Ulster,1957795209.200364,UKN,Northern Ireland,14333431706.790897
UKN12,Causeway Coast and Glens,1986058534.3698246,UKN,Northern Ireland,14333431706.790897
UKN13,Antrim and Newtownabbey,728373510.7489452,UKN,Northern Ireland,14333431706.790897
UKN14,Lisburn and Castlereagh,510566859.2886221,UKN,Northern Ireland,14333431706.790897
UKN15,Mid and East Antrim,1061633112.7174469,UKN,Northern Ireland,14333431706.790897
UKN16,Fermanagh and Omagh,3012884489.8819656,UKN,Northern Ireland,14333431706.790897
