LAD19CD,LAD19NM,nuts318cd,nuts318nm,pct_insct
E06000001,Hartlepool,UKC11,Hartlepool and Stockton-on-Tees,1.0
E06000002,Middlesbrough,UKC12,South Teesside,1.0
E06000003,Redcar and Cleveland,UKC12,South Teesside,1.0
E06000004,Stockton-on-Tees,UKC11,Hartlepool and Stockton-on-Tees,1.0
E06000005,Darlington,UKC13,Darlington,1.0
E06000006,Halton,UKD71,East Merseyside,1.0
E06000007,Warrington,UKD61,Warrington,1.0
E06000008,Blackburn with Darwen,UKD41,Blackburn with Darwen,1.0
E06000009,Blackpool,UKD42,Blackpool,1.0
E06000010,"Kingston upon Hull, City of",UKE11,"Kingston upon Hull, City of",1.0
E06000011,East Riding of Yorkshire,UKE12,East Riding of Yorkshire,1.0
E06000012,North East Lincolnshire,UKE13,North and North East Lincolnshire,1.0
E06000013,North Lincolnshire,UKE13,North and North East Lincolnshire,1.0
E06000014,York,UKE21,York,1.0
E06000015,Derby,UKF11,Derby,1.0
E06000016,Leicester,UKF21,Leicester,1.0
E06000017,Rutland,UKF22,Leicestershire CC and Rutland,1.0
E06000018,Nottingham,UKF14,Nottingham,1.0
E06000019,"Herefordshire, County of",UKG11,"Herefordshire, County of",1.0
E06000020,Telford and Wrekin,UKG21,Telford and Wrekin,1.0
E06000021,Stoke-on-Trent,UKG23,Stoke-on-Trent,1.0
E06000022,Bath and North East Somerset,UKK12,"Bath and North East Somerset, North Somerset and South Gloucestershire",1.0
E06000023,"Bristol, City of",UKK11,"Bristol, City of",1.0
E06000024,North Somerset,UKK12,"Bath and North East Somerset, North Somerset and South Gloucestershire",1.0
E06000025,South Gloucestershire,UKK12,"Bath and North East Somerset, North Somerset and South Gloucestershire",1.0
E06000026,Plymouth,UKK41,Plymouth,1.0
E06000027,Torbay,UKK42,Torbay,1.0
E06000030,Swindon,UKK14,Swindon,1.0
E06000031,Peterborough,UKH11,Peterborough,1.0
E06000032,Luton,UKH21,Luton,1.0
E06000033,Southend-on-Sea,UKH31,Southend-on-Sea,1.0
E06000034,Thurrock,UKH32,Thurrock,1.0
E06000035,Medway,UKJ41,Medway,1.0
E06000036,Bracknell Forest,UKJ11,Berkshire,1.0
E06000037,West Berkshire,UKJ11,Berkshire,1.0
E06000038,Reading,UKJ11,Berkshire,1.0
E06000039,Slough,UKJ11,Berkshire,1.0
E06000040,Windsor and Maidenhead,UKJ11,Berkshire,1.0
E06000041,Wokingham,UKJ11,Berkshire,1.0
E06000042,Milton Keynes,UKJ12,Milton Keynes,1.0
E06000043,Brighton and Hove,UKJ21,Brighton and Hove,1.0
E06000044,Portsmouth,UKJ31,Portsmouth,1.0
E06000045,Southampton,UKJ32,Southampton,1.0
E06000046,Isle of Wight,UKJ34,Isle of Wight,1.0
E06000047,County Durham,UKC14,Durham CC,1.0
E06000049,Cheshire East,UKD62,Cheshire East,1.0
E06000050,Cheshire West and Chester,UKD63,Cheshire West and Chester,1.0
E06000051,Shropshire,UKG22,Shropshire CC,1.0
E06000052,Cornwall,UKK30,Cornwall and Isles of Scilly,1.0
E06000053,Isles of Scilly,UKK30,Cornwall and Isles of Scilly,1.0
E06000054,Wiltshire,UKK15,Wiltshire,1.0
E06000055,Bedford,UKH24,Bedford,1.0
E06000056,Central Bedfordshire,UKH25,Central Bedfordshire,1.0
E06000057,Northumberland,UKC21,Northumberland,1.0
E06000058,"Bournemouth, Christchurch and Poole",UKK22,Dorset CC,0.2971482406972667
E06000058,"Bournemouth, Christchurch and Poole",UKK21,Bournemouth and Poole,0.7006237250960535
E06000059,Dorset,UKK22,Dorset CC,1.0
E07000004,Aylesbury Vale,UKJ13,Buckinghamshire CC,1.0
E07000005,Chiltern,UKJ13,Buckinghamshire CC,1.0
E07000006,South Bucks,UKJ13,Buckinghamshire CC,1.0
E07000007,Wycombe,UKJ13,Buckinghamshire CC,1.0
E07000008,Cambridge,UKH12,Cambridgeshire CC,1.0
E07000009,East Cambridgeshire,UKH12,Cambridgeshire CC,1.0
E07000010,Fenland,UKH12,Cambridgeshire CC,1.0
E07000011,Huntingdonshire,UKH12,Cambridgeshire CC,1.0
E07000012,South Cambridgeshire,UKH12,Cambridgeshire CC,1.0
E07000026,Allerdale,UKD11,West Cumbria,1.0
E07000027,Barrow-in-Furness,UKD11,West Cumbria,1.0
E07000028,Carlisle,UKD12,East Cumbria,1.0
E07000029,Copeland,UKD11,West Cumbria,1.0
E07000030,Eden,UKD12,East Cumbria,1.0
E07000031,South Lakeland,UKD12,East Cumbria,1.0
E07000032,Amber Valley,UKF13,South and West Derbyshire,1.0
E07000033,Bolsover,UKF12,East Derbyshire,1.0
E07000034,Chesterfield,UKF12,East Derbyshire,1.0
E07000035,Derbyshire Dales,UKF13,South and West Derbyshire,1.0
E07000036,Erewash,UKF13,South and West Derbyshire,1.0
E07000037,High Peak,UKF13,South and West Derbyshire,1.0
E07000038,North East Derbyshire,UKF12,East Derbyshire,1.0
E07000039,South Derbyshire,UKF13,South and West Derbyshire,1.0
E07000040,East Devon,UKK43,Devon CC,1.0
E07000041,Exeter,UKK43,Devon CC,1.0
E07000042,Mid Devon,UKK43,Devon CC,1.0
E07000043,North Devon,UKK43,Devon CC,1.0
E07000044,South Hams,UKK43,Devon CC,1.0
E07000045,Teignbridge,UKK43,Devon CC,1.0
E07000046,Torridge,UKK43,Devon CC,1.0
E07000047,West Devon,UKK43,Devon CC,1.0
E07000061,Eastbourne,UKJ22,East Sussex CC,1.0
E07000062,Hastings,UKJ22,East Sussex CC,1.0
E07000063,Lewes,UKJ22,East Sussex CC,1.0
E07000064,Rother,UKJ22,East Sussex CC,1.0
E07000065,Wealden,UKJ22,East Sussex CC,1.0
E07000066,Basildon,UKH37,Essex Thames Gateway,1.0
E07000067,Braintree,UKH34,Essex Haven Gateway,1.0
E07000068,Brentwood,UKH36,Heart of Essex,1.0
E07000069,Castle Point,UKH37,Essex Thames Gateway,1.0
E07000070,Chelmsford,UKH36,Heart of Essex,1.0
E07000071,Colchester,UKH34,Essex Haven Gateway,1.0
E07000072,Epping Forest,UKH35,West Essex,1.0
E07000073,Harlow,UKH35,West Essex,1.0
E07000074,Maldon,UKH36,Heart of Essex,1.0
E07000075,Rochford,UKH37,Essex Thames Gateway,1.0
E07000076,Tendring,UKH34,Essex Haven Gateway,1.0
E07000077,Uttlesford,UKH35,West Essex,1.0
E07000078,Cheltenham,UKK13,Gloucestershire,1.0
E07000079,Cotswold,UKK13,Gloucestershire,1.0
E07000080,Forest of Dean,UKK13,Gloucestershire,1.0
E07000081,Gloucester,UKK13,Gloucestershire,1.0
E07000082,Stroud,UKK13,Gloucestershire,1.0
E07000083,Tewkesbury,UKK13,Gloucestershire,1.0
E07000084,Basingstoke and Deane,UKJ37,North Hampshire,1.0
E07000085,East Hampshire,UKJ36,Central Hampshire,1.0
E07000086,Eastleigh,UKJ35,South Hampshire,1.0
E07000087,Fareham,UKJ35,South Hampshire,1.0
E07000088,Gosport,UKJ35,South Hampshire,1.0
E07000089,Hart,UKJ37,North Hampshire,1.0
E07000090,Havant,UKJ35,South Hampshire,1.0
E07000091,New Forest,UKJ36,Central Hampshire,1.0
E07000092,Rushmoor,UKJ37,North Hampshire,1.0
E07000093,Test Valley,UKJ36,Central Hampshire,1.0
E07000094,Winchester,UKJ36,Central Hampshire,1.0
E07000095,Broxbourne,UKH23,Hertfordshire,1.0
E07000096,Dacorum,UKH23,Hertfordshire,1.0
E07000098,Hertsmere,UKH23,Hertfordshire,1.0
E07000099,North Hertfordshire,UKH23,Hertfordshire,1.0
E07000102,Three Rivers,UKH23,Hertfordshire,1.0
E07000103,Watford,UKH23,Hertfordshire,1.0
E07000105,Ashford,UKJ45,Mid Kent,1.0
E07000106,Canterbury,UKJ44,East Kent,1.0
E07000107,Dartford,UKJ43,Kent Thames Gateway,1.0
E07000108,Dover,UKJ44,East Kent,1.0
E07000109,Gravesham,UKJ43,Kent Thames Gateway,1.0
E07000110,Maidstone,UKJ45,Mid Kent,1.0
E07000111,Sevenoaks,UKJ46,West Kent,1.0
E07000112,Folkestone and Hythe,UKJ44,East Kent,1.0
E07000113,Swale,UKJ43,Kent Thames Gateway,1.0
E07000114,Thanet,UKJ44,East Kent,1.0
E07000115,Tonbridge and Malling,UKJ46,West Kent,1.0
E07000116,Tunbridge Wells,UKJ46,West Kent,1.0
E07000117,Burnley,UKD46,East Lancashire,1.0
E07000118,Chorley,UKD47,Chorley and West Lancashire,1.0
E07000119,Fylde,UKD45,Mid Lancashire,1.0
E07000120,Hyndburn,UKD46,East Lancashire,1.0
E07000121,Lancaster,UKD44,Lancaster and Wyre,1.0
E07000122,Pendle,UKD46,East Lancashire,1.0
E07000123,Preston,UKD45,Mid Lancashire,1.0
E07000124,Ribble Valley,UKD45,Mid Lancashire,1.0
E07000125,Rossendale,UKD46,East Lancashire,1.0
E07000126,South Ribble,UKD45,Mid Lancashire,1.0
E07000127,West Lancashire,UKD47,Chorley and West Lancashire,1.0
E07000128,Wyre,UKD44,Lancaster and Wyre,1.0
E07000129,Blaby,UKF22,Leicestershire CC and Rutland,1.0
E07000130,Charnwood,UKF22,Leicestershire CC and Rutland,1.0
E07000131,Harborough,UKF22,Leicestershire CC and Rutland,1.0
E07000132,Hinckley and Bosworth,UKF22,Leicestershire CC and Rutland,1.0
E07000133,Melton,UKF22,Leicestershire CC and Rutland,1.0
E07000134,North West Leicestershire,UKF22,Leicestershire CC and Rutland,1.0
E07000135,Oadby and Wigston,UKF22,Leicestershire CC and Rutland,1.0
E07000136,Boston,UKF30,Lincolnshire,1.0
E07000137,East Lindsey,UKF30,Lincolnshire,1.0
E07000138,Lincoln,UKF30,Lincolnshire,1.0
E07000139,North Kesteven,UKF30,Lincolnshire,1.0
E07000140,South Holland,UKF30,Lincolnshire,1.0
E07000141,South Kesteven,UKF30,Lincolnshire,1.0
E07000142,West Lindsey,UKF30,Lincolnshire,1.0
E07000143,Breckland,UKH17,Breckland and South Norfolk,1.0
E07000144,Broadland,UKH15,Norwich and East Norfolk,1.0
E07000145,Great Yarmouth,UKH15,Norwich and East Norfolk,1.0
E07000146,King's Lynn and West Norfolk,UKH16,North and West Norfolk,1.0
E07000147,North Norfolk,UKH16,North and West Norfolk,1.0
E07000148,Norwich,UKH15,Norwich and East Norfolk,1.0
E07000149,South Norfolk,UKH17,Breckland and South Norfolk,1.0
E07000150,Corby,UKF25,North Northamptonshire,1.0
E07000151,Daventry,UKF24,West Northamptonshire,1.0
E07000152,East Northamptonshire,UKF25,North Northamptonshire,1.0
E07000153,Kettering,UKF25,North Northamptonshire,1.0
E07000154,Northampton,UKF24,West Northamptonshire,1.0
E07000155,South Northamptonshire,UKF24,West Northamptonshire,1.0
E07000156,Wellingborough,UKF25,North Northamptonshire,1.0
E07000163,Craven,UKE22,North Yorkshire CC,1.0
E07000164,Hambleton,UKE22,North Yorkshire CC,1.0
E07000165,Harrogate,UKE22,North Yorkshire CC,1.0
E07000166,Richmondshire,UKE22,North Yorkshire CC,1.0
E07000167,Ryedale,UKE22,North Yorkshire CC,1.0
E07000168,Scarborough,UKE22,North Yorkshire CC,1.0
E07000169,Selby,UKE22,North Yorkshire CC,1.0
E07000170,Ashfield,UKF15,North Nottinghamshire,1.0
E07000171,Bassetlaw,UKF15,North Nottinghamshire,1.0
E07000172,Broxtowe,UKF16,South Nottinghamshire,1.0
E07000173,Gedling,UKF16,South Nottinghamshire,1.0
E07000174,Mansfield,UKF15,North Nottinghamshire,1.0
E07000175,Newark and Sherwood,UKF15,North Nottinghamshire,1.0
E07000176,Rushcliffe,UKF16,South Nottinghamshire,1.0
E07000177,Cherwell,UKJ14,Oxfordshire,1.0
E07000178,Oxford,UKJ14,Oxfordshire,1.0
E07000179,South Oxfordshire,UKJ14,Oxfordshire,1.0
E07000180,Vale of White Horse,UKJ14,Oxfordshire,1.0
E07000181,West Oxfordshire,UKJ14,Oxfordshire,1.0
E07000187,Mendip,UKK23,Somerset,1.0
E07000188,Sedgemoor,UKK23,Somerset,1.0
E07000189,South Somerset,UKK23,Somerset,1.0
E07000192,Cannock Chase,UKG24,Staffordshire CC,1.0
E07000193,East Staffordshire,UKG24,Staffordshire CC,1.0
E07000194,Lichfield,UKG24,Staffordshire CC,1.0
E07000195,Newcastle-under-Lyme,UKG24,Staffordshire CC,1.0
E07000196,South Staffordshire,UKG24,Staffordshire CC,1.0
E07000197,Stafford,UKG24,Staffordshire CC,1.0
E07000198,Staffordshire Moorlands,UKG24,Staffordshire CC,1.0
E07000199,Tamworth,UKG24,Staffordshire CC,1.0
E07000200,Babergh,UKH14,Suffolk,1.0
E07000202,Ipswich,UKH14,Suffolk,1.0
E07000203,Mid Suffolk,UKH14,Suffolk,1.0
E07000207,Elmbridge,UKJ25,West Surrey,1.0
E07000208,Epsom and Ewell,UKJ26,East Surrey,1.0
E07000209,Guildford,UKJ25,West Surrey,1.0
E07000210,Mole Valley,UKJ26,East Surrey,1.0
E07000211,Reigate and Banstead,UKJ26,East Surrey,1.0
E07000212,Runnymede,UKJ25,West Surrey,1.0
E07000213,Spelthorne,UKJ25,West Surrey,1.0
E07000214,Surrey Heath,UKJ25,West Surrey,1.0
E07000215,Tandridge,UKJ26,East Surrey,1.0
E07000216,Waverley,UKJ25,West Surrey,1.0
E07000217,Woking,UKJ25,West Surrey,1.0
E07000218,North Warwickshire,UKG13,Warwickshire,1.0
E07000219,Nuneaton and Bedworth,UKG13,Warwickshire,1.0
E07000220,Rugby,UKG13,Warwickshire,1.0
E07000221,Stratford-on-Avon,UKG13,Warwickshire,1.0
E07000222,Warwick,UKG13,Warwickshire,1.0
E07000223,Adur,UKJ27,West Sussex (South West),1.0
E07000224,Arun,UKJ27,West Sussex (South West),1.0
E07000225,Chichester,UKJ27,West Sussex (South West),1.0
E07000226,Crawley,UKJ28,West Sussex (North East),1.0
E07000227,Horsham,UKJ28,West Sussex (North East),1.0
E07000228,Mid Sussex,UKJ28,West Sussex (North East),1.0
E07000229,Worthing,UKJ27,West Sussex (South West),1.0
E07000234,Bromsgrove,UKG12,Worcestershire,1.0
E07000235,Malvern Hills,UKG12,Worcestershire,1.0
E07000236,Redditch,UKG12,Worcestershire,1.0
E07000237,Worcester,UKG12,Worcestershire,1.0
E07000238,Wychavon,UKG12,Worcestershire,1.0
E07000239,Wyre Forest,UKG12,Worcestershire,1.0
E07000240,St Albans,UKH23,Hertfordshire,1.0
E07000241,Welwyn Hatfield,UKH23,Hertfordshire,1.0
E07000242,East Hertfordshire,UKH23,Hertfordshire,1.0
E07000243,Stevenage,UKH23,Hertfordshire,1.0
E07000244,East Suffolk,UKH14,Suffolk,1.0
E07000245,West Suffolk,UKH14,Suffolk,1.0
E07000246,Somerset West and Taunton,UKK23,Somerset,1.0
E08000001,Bolton,UKD36,Greater Manchester North West,1.0
E08000002,Bury,UKD37,Greater Manchester North East,1.0
E08000003,Manchester,UKD33,Manchester,1.0
E08000004,Oldham,UKD37,Greater Manchester North East,1.0
E08000005,Rochdale,UKD37,Greater Manchester North East,1.0
E08000006,Salford,UKD34,Greater Manchester South West,1.0
E08000007,Stockport,UKD35,Greater Manchester South East,1.0
E08000008,Tameside,UKD35,Greater Manchester South East,1.0
E08000009,Trafford,UKD34,Greater Manchester South West,1.0
E08000010,Wigan,UKD36,Greater Manchester North West,1.0
E08000011,Knowsley,UKD71,East Merseyside,1.0
E08000012,Liverpool,UKD72,Liverpool,1.0
E08000013,St. Helens,UKD71,East Merseyside,1.0
E08000014,Sefton,UKD73,Sefton,1.0
E08000015,Wirral,UKD74,Wirral,1.0
E08000016,Barnsley,UKE31,"Barnsley, Doncaster and Rotherham",1.0
E08000017,Doncaster,UKE31,"Barnsley, Doncaster and Rotherham",1.0
E08000018,Rotherham,UKE31,"Barnsley, Doncaster and Rotherham",1.0
E08000019,Sheffield,UKE32,Sheffield,1.0
E08000021,Newcastle upon Tyne,UKC22,Tyneside,1.0
E08000022,North Tyneside,UKC22,Tyneside,1.0
E08000023,South Tyneside,UKC22,Tyneside,1.0
E08000024,Sunderland,UKC23,Sunderland,1.0
E08000025,Birmingham,UKG31,Birmingham,1.0
E08000026,Coventry,UKG33,Coventry,1.0
E08000027,Dudley,UKG36,Dudley,1.0
E08000028,Sandwell,UKG37,Sandwell,1.0
E08000029,Solihull,UKG32,Solihull,1.0
E08000030,Walsall,UKG38,Walsall,1.0
E08000031,Wolverhampton,UKG39,Wolverhampton,1.0
E08000032,Bradford,UKE41,Bradford,1.0
E08000033,Calderdale,UKE44,Calderdale and Kirklees,1.0
E08000034,Kirklees,UKE44,Calderdale and Kirklees,1.0
E08000035,Leeds,UKE42,Leeds,1.0
E08000036,Wakefield,UKE45,Wakefield,1.0
E08000037,Gateshead,UKC22,Tyneside,1.0
E09000001,City of London,UKI31,Camden and City of London,1.0
E09000002,Barking and Dagenham,UKI52,Barking & Dagenham and Havering,1.0
E09000003,Barnet,UKI71,Barnet,1.0
E09000004,Bexley,UKI51,Bexley and Greenwich,1.0
E09000005,Brent,UKI72,Brent,1.0
E09000006,Bromley,UKI61,Bromley,1.0
E09000007,Camden,UKI31,Camden and City of London,1.0
E09000008,Croydon,UKI62,Croydon,1.0
E09000009,Ealing,UKI73,Ealing,1.0
E09000010,Enfield,UKI54,Enfield,1.0
E09000011,Greenwich,UKI51,Bexley and Greenwich,1.0
E09000012,Hackney,UKI41,Hackney and Newham,1.0
E09000013,Hammersmith and Fulham,UKI33,Kensington & Chelsea and Hammersmith & Fulham,1.0
E09000014,Haringey,UKI43,Haringey and Islington,1.0
E09000015,Harrow,UKI74,Harrow and Hillingdon,1.0
E09000016,Havering,UKI52,Barking & Dagenham and Havering,1.0
E09000017,Hillingdon,UKI74,Harrow and Hillingdon,1.0
E09000018,Hounslow,UKI75,Hounslow and Richmond upon Thames,1.0
E09000019,Islington,UKI43,Haringey and Islington,1.0
E09000020,Kensington and Chelsea,UKI33,Kensington & Chelsea and Hammersmith & Fulham,1.0
E09000021,Kingston upon Thames,UKI63,"Merton, Kingston upon Thames and Sutton",1.0
E09000022,Lambeth,UKI45,Lambeth,1.0
E09000023,Lewisham,UKI44,Lewisham and Southwark,1.0
E09000024,Merton,UKI63,"Merton, Kingston upon Thames and Sutton",1.0
E09000025,Newham,UKI41,Hackney and Newham,1.0
E09000026,Redbridge,UKI53,Redbridge and Waltham Forest,1.0
E09000027,Richmond upon Thames,UKI75,Hounslow and Richmond upon Thames,1.0
E09000028,Southwark,UKI44,Lewisham and Southwark,1.0
E09000029,Sutton,UKI63,"Merton, Kingston upon Thames and Sutton",1.0
E09000030,Tower Hamlets,UKI42,Tower Hamlets,1.0
E09000031,Waltham Forest,UKI53,Redbridge and Waltham Forest,1.0
E09000032,Wandsworth,UKI34,Wandsworth,1.0
E09000033,Westminster,UKI32,Westminster,1.0
N09000001,Antrim and Newtownabbey,UKN13,Antrim and Newtownabbey,1.0
N09000002,"Armagh City, Banbridge and Craigavon",UKN07,"Armagh City, Banbridge and Craigavon",1.0
N09000003,Belfast,UKN06,Belfast,1.0
N09000004,Causeway Coast and Glens,UKN12,Causeway Coast and Glens,1.0
N09000005,Derry City and Strabane,UKN10,Derry City and Strabane,1.0
N09000006,Fermanagh and Omagh,UKN16,Fermanagh and Omagh,1.0
N09000007,Lisburn and Castlereagh,UKN14,Lisburn and Castlereagh,1.0
N09000008,Mid and East Antrim,UKN15,Mid and East Antrim,1.0
N09000009,Mid Ulster,UKN11,Mid Ulster,1.0
N09000010,"Newry, Mourne and Down",UKN08,"Newry, Mourne and Down",1.0
N09000011,Ards and North Down,UKN09,Ards and North Down,1.0
S12000005,Clackmannanshire,UKM72,Clackmannanshire and Fife,1.0
S12000006,Dumfries and Galloway,UKM92,Dumfries & Galloway,1.0
S12000008,East Ayrshire,UKM93,East Ayrshire and North Ayrshire mainland,1.0
S12000010,East Lothian,UKM73,East Lothian and Midlothian,1.0
S12000011,East Renfrewshire,UKM83,"Inverclyde, East Renfrewshire and Renfrewshire",1.0
S12000013,Na h-Eileanan Siar,UKM64,Na h-Eileanan Siar (Western Isles),1.0
S12000014,Falkirk,UKM76,Falkirk,1.0
S12000017,Highland,UKM63,"Lochaber, Skye & Lochalsh, Arran & Cumbrae and Argyll & Bute",0.2835058559452662
S12000017,Highland,UKM62,"Inverness & Nairn and Moray, Badenoch & Strathspey",0.21629699736910032
S12000017,Highland,UKM61,Caithness & Sutherland and Ross & Cromarty,0.4999825857140833
S12000018,Inverclyde,UKM83,"Inverclyde, East Renfrewshire and Renfrewshire",1.0
S12000019,Midlothian,UKM73,East Lothian and Midlothian,1.0
S12000020,Moray,UKM62,"Inverness & Nairn and Moray, Badenoch & Strathspey",1.0
S12000021,North Ayrshire,UKM63,"Lochaber, Skye & Lochalsh, Arran & Cumbrae and Argyll & Bute",0.5021112356232247
S12000021,North Ayrshire,UKM93,East Ayrshire and North Ayrshire mainland,0.49764890447678267
S12000023,Orkney Islands,UKM65,Orkney Islands,1.0
S12000026,Scottish Borders,UKM91,Scottish Borders,1.0
S12000027,Shetland Islands,UKM66,Shetland Islands,1.0
S12000028,South Ayrshire,UKM94,South Ayrshire,1.0
S12000029,South Lanarkshire,UKM95,South Lanarkshire,1.0
S12000030,Stirling,UKM77,Perth & Kinross and Stirling,1.0
S12000033,Aberdeen City,UKM50,Aberdeen City and Aberdeenshire,1.0
S12000034,Aberdeenshire,UKM50,Aberdeen City and Aberdeenshire,1.0
S12000035,Argyll and Bute,UKM81,"East Dunbartonshire, West Dunbartonshire and Helensburgh & Lomond",0.05496872815607212
S12000035,Argyll and Bute,UKM63,"Lochaber, Skye & Lochalsh, Arran & Cumbrae and Argyll & Bute",0.9443316304372231
S12000036,City of Edinburgh,UKM75,"Edinburgh, City of",1.0
S12000038,Renfrewshire,UKM83,"Inverclyde, East Renfrewshire and Renfrewshire",1.0
S12000039,West Dunbartonshire,UKM81,"East Dunbartonshire, West Dunbartonshire and Helensburgh & Lomond",1.0
S12000040,West Lothian,UKM78,West Lothian,1.0
S12000041,Angus,UKM71,Angus and Dundee City,1.0
S12000042,Dundee City,UKM71,Angus and Dundee City,1.0
S12000045,East Dunbartonshire,UKM81,"East Dunbartonshire, West Dunbartonshire and Helensburgh & Lomond",1.0
S12000047,Fife,UKM72,Clackmannanshire and Fife,1.0
S12000048,Perth and Kinross,UKM77,Perth & Kinross and Stirling,1.0
S12000049,Glasgow City,UKM82,Glasgow City,1.0
S12000050,North Lanarkshire,UKM84,North Lanarkshire,1.0
W06000001,Isle of Anglesey,UKL11,Isle of Anglesey,1.0
W06000002,Gwynedd,UKL12,Gwynedd,1.0
W06000003,Conwy,UKL13,Conwy and Denbighshire,1.0
W06000004,Denbighshire,UKL13,Conwy and Denbighshire,1.0
W06000005,Flintshire,UKL23,Flintshire and Wrexham,1.0
W06000006,Wrexham,UKL23,Flintshire and Wrexham,1.0
W06000008,Ceredigion,UKL14,South West Wales,1.0
W06000009,Pembrokeshire,UKL14,South West Wales,1.0
W06000010,Carmarthenshire,UKL14,South West Wales,1.0
W06000011,Swansea,UKL18,Swansea,1.0
W06000012,Neath Port Talbot,UKL17,Bridgend and Neath Port Talbot,1.0
W06000013,Bridgend,UKL17,Bridgend and Neath Port Talbot,1.0
W06000014,Vale of Glamorgan,UKL22,Cardiff and Vale of Glamorgan,1.0
W06000015,Cardiff,UKL22,Cardiff and Vale of Glamorgan,1.0
W06000016,Rhondda Cynon Taf,UKL15,Central Valleys,1.0
W06000018,Caerphilly,UKL16,Gwent Valleys,1.0
W06000019,Blaenau Gwent,UKL16,Gwent Valleys,1.0
W06000020,Torfaen,UKL16,Gwent Valleys,1.0
W06000021,Monmouthshire,UKL21,Monmouthshire and Newport,1.0
W06000022,Newport,UKL21,Monmouthshire and Newport,1.0
W06000023,Powys,UKL24,Powys,1.0
W06000024,Merthyr Tydfil,UKL15,Central Valleys,1.0
