REG_FROM_cd,REG_FROM_nm,REG_FROM_Area,REG_TO_cd,REG_TO_nm,REG_TO_Area
UKC1,Tees Valley and Durham,3046791348.602384,UKC,North East (England),8675726997.68401
UKC2,Northumberland and Tyne and Wear,5628935649.081639,UKC,North East (England),8675726997.68401
UKD1,Cumbria,7182472591.620599,UKD,North West (England),14919475766.85482
UKD3,Greater Manchester,1275981132.6149385,UKD,North West (England),14919475766.85482
UKD4,Lancashire,3263180810.7753816,UKD,North West (England),14919475766.85482
UKD6,Cheshire,2289948300.7759156,UKD,North West (England),14919475766.85482
UKD7,Merseyside,907892931.0679555,UKD,North West (England),14919475766.85482
UKE1,East Yorkshire and Northern Lincolnshire,3655531643.025097,UKE,Yorkshire and The Humber,15561839133.819073
UKE2,North Yorkshire,8324955815.157328,UKE,Yorkshire and The Humber,15561839133.819073
UKE3,South Yorkshire,1552093016.1180365,UKE,Yorkshire and The Humber,15561839133.819073
UKE4,West Yorkshire,2029258659.518515,UKE,Yorkshire and The Humber,15561839133.819073
UKF1,Derbyshire and Nottinghamshire,4790302082.321347,UKF,East Midlands (England),15810938908.800234
UKF2,"Leicestershire, Rutland and Northamptonshire",4917868075.682119,UKF,East Midlands (England),15810938908.800234
UKF3,Lincolnshire,6102768750.79662,UKF,East Midlands (England),15810938908.800234
UKG1,"Herefordshire, Worcestershire and Warwickshire",5897746311.698036,UKG,West Midlands (England),13003737776.905424
UKG2,Shropshire and Staffordshire,6204351807.815838,UKG,West Midlands (England),13003737776.905424
UKG3,West Midlands,901639657.3914585,UKG,West Midlands (England),13003737776.905424
UKH1,East Anglia,12759370564.142933,UKH,East of England,19585389965.353645
UKH2,Bedfordshire and Hertfordshire,2878491023.659985,UKH,East of England,19585389965.353645
UKH3,Essex,3947528377.5505896,UKH,East of England,19585389965.353645
UKI3,Inner London - West,111726752.53628528,UKI,London,1594697006.5353107
UKI4,Inner London - East,216136927.59232193,UKI,London,1594697006.5353107
UKI5,Outer London - East and North East,444435360.4668432,UKI,London,1594697006.5353107
UKI6,Outer London - South,355362186.490038,UKI,London,1594697006.5353107
UKI7,Outer London - West and North West,467035779.4498256,UKI,London,1594697006.5353107
UKJ1,"Berkshire, Buckinghamshire and Oxfordshire",5743410016.582967,UKJ,South East (England),19405472740.799213
UKJ2,"Surrey, East and West Sussex",5504081863.611161,UKJ,South East (England),19405472740.799213
UKJ3,Hampshire and Isle of Wight,4249364589.512012,UKJ,South East (England),19405472740.799213
UKJ4,Kent,3908616271.093089,UKJ,South East (England),19405472740.799213
UKK1,"Gloucestershire, Wiltshire and Bath/Bristol area",7703872386.770685,UKK,South West (England),24388808688.891716
UKK2,Dorset and Somerset,6208711762.916428,UKK,South West (England),24388808688.891716
UKK3,Cornwall and Isles of Scilly,3636291822.0520916,UKK,South West (England),24388808688.891716
UKK4,Devon,6839932717.1522045,UKK,South West (England),24388808688.891716
UKL1,West Wales,13443094004.648914,UKL,Wales,21224771399.19472
UKL2,East Wales,7781677394.545824,UKL,Wales,21224771399.19472
UKM5,North Eastern Scotland,6544427280.105116,UKM,Scotland,80238683676.23372
UKM6,Highlands and Islands,41975578622.296074,UKM,Scotland,80238683676.23372
UKM7,Eastern Scotland,13553798043.964102,UKM,Scotland,80238683676.23372
UKM8,West Central Scotland,2017031739.305337,UKM,Scotland,80238683676.23372
UKM9,Southern Scotland,16147847990.565168,UKM,Scotland,80238683676.23372
UKN0,Northern Ireland,14333431706.790897,UKN,Northern Ireland,14333431706.790897
